Pages les plus populaires,Clics,Impressions,CTR,Position
https://www.michelinman.com/auto/manufacturers/tesla/model-y,778,48957,1.59%,9.89
https://www.michelinman.com/auto/manufacturers/tesla/model-3,647,44307,1.46%,11.07
https://www.michelinman.com/auto/manufacturers/tesla,415,30684,1.35%,16.67
https://www.michelinman.com/auto/manufacturers/tesla/model-s,94,21152,0.44%,10.21
https://www.michelinman.com/auto/manufacturers/tesla/model-x,21,18000,0.12%,10.89
https://www.michelinman.com/auto/tires/michelin-crossclimate2,21,15487,0.14%,65.11
https://www.michelinman.com/auto/tires/michelin-pilot-sport-all-season-4,8,1177,0.68%,44.99
https://www.michelinman.com/auto/every-ev-michelin-tires-standard-equipment,8,707,1.13%,7.06
https://www.michelinman.com/auto/assistance/warranty,6,1789,0.34%,67.47
https://www.michelinman.com/auto/tires/michelin-x-ice-snow,6,439,1.37%,64.91
https://www.michelinman.com/auto/manufacturers/tesla/cybertruck,5,17882,0.03%,9.41
https://www.michelinman.com/auto/auto-tips-and-advice/tire-pressure/tesla,5,8955,0.06%,17.85
https://www.michelinman.com/auto/auto-tips-and-advice/electric-mobility-guide/quiet-and-comfortable,4,592,0.68%,5.89
https://www.michelinman.com/auto/tires/michelin-primacy-mxm4,4,167,2.4%,8.32
https://www.michelinman.com/auto/tires/michelin-defender2,3,2140,0.14%,63.28
https://www.michelinman.com/auto/tires/michelin-pilot-sport-4-s,3,380,0.79%,56.98
https://www.michelinman.com/auto/tires/michelin-pilot-sport-ev,3,99,3.03%,47.38
https://www.michelinman.com/auto/manufacturers/tesla?tsFormate=MMYO/model-y,3,68,4.41%,16.47
https://www.michelinman.com/auto/why-michelin/technological-innovations/acoustic-technology,2,546,0.37%,18.97
https://www.michelinman.com/auto/ev-tire-shopping,2,24,8.33%,1.67
https://www.michelinman.com/auto/auto-tips-and-advice/electric-mobility-guide/ev-tire-pressure-and-maintenance,1,59,1.69%,2.29
https://www.michelinman.com/auto/tires/michelin-defender2?tyreSize=17&bvstate=pg:2/ct:r,1,25,4%,8.2
https://www.michelinman.com/auto/tires/michelin-pilot-alpin-5,1,3,33.33%,33.67
https://www.michelinman.com/auto/manufacturers/tesla/roadster,0,8120,0%,9.65
https://www.michelinman.com/auto/auto-tips-and-advice/tire-maintenance/tire-rotation,0,1059,0%,28.93
https://www.michelinman.com/auto/manufacturers,0,551,0%,27.21
https://www.michelinman.com/auto/auto-tips-and-advice/tire-buying-guide/when-do-i-need-new-tires,0,249,0%,29.64
https://www.michelinman.com/lifestyle/auto-accessories/wiper-blade-selector,0,104,0%,79.68
https://www.michelinman.com/auto/manufacturers/ford,0,70,0%,6.34
https://www.michelinman.com/auto/manufacturers/toyota,0,70,0%,6.34
https://www.michelinman.com/auto/manufacturers/bmw,0,68,0%,6.47
https://www.michelinman.com/auto/auto-tips-and-advice/tire-pressure/how-to-inflate-tires,0,63,0%,77.48
https://www.michelinman.com/auto/shop-ev-tires,0,56,0%,48.38
https://www.michelinman.com/auto/electric-vehicle-tires,0,52,0%,36.73
https://www.michelinman.com/auto/browse-tires/by-vehicle/2020/tesla/model-s/long-range-plus/245---35ZR21---XL-96Y,0,45,0%,15.62
https://www.michelinman.com/auto/assistance/site-map,0,44,0%,76.25
https://www.michelinman.com/auto/browse-tires/by-vehicle/2020/tesla/model-x/long-range-plus/265---35R22---XL-102W_285---35R22---XL-106W,0,31,0%,66
https://www.michelinman.com/auto/manufacturers/chevrolet,0,29,0%,7.83
https://www.michelinman.com/auto/manufacturers/gmc,0,29,0%,7.83
https://www.michelinman.com/auto/manufacturers/honda,0,29,0%,7.83
https://www.michelinman.com/auto/browse-tires/by-vehicle/2020/tesla/model-s/performance/245---35R21---XL-96W,0,28,0%,59.96
https://www.michelinman.com/auto/auto-tips-and-advice/tires-101/runflat-tires,0,26,0%,47.65
https://www.michelinman.com/auto/browse-tires/by-dimension/275/35/21,0,25,0%,4.88
https://www.michelinman.com/auto/browse-tires/all-tires,0,22,0%,98.05
https://www.michelinman.com/auto/browse-tires/by-vehicle/2017/tesla/model-s/p90d/245---35ZR21---XL-96(Y),0,20,0%,63.7
https://www.michelinman.com/auto/auto-tips-and-advice/electric-mobility-guide/car-noise,0,15,0%,61.2
https://www.michelinman.com/auto/browse-tires/by-vehicle/2023/tesla/model-x/base/265---35R22---XL-102V_285---35R22---XL-106V,0,15,0%,83.6
https://www.michelinman.com/auto/browse-tires/by-vehicle/2017/tesla/model-s/75/245---35R21---XL-96W,0,14,0%,89.07
https://www.michelinman.com/auto/tires/michelin-primacy-tour-a-s,0,13,0%,60.15
https://www.michelinman.com/auto/browse-tires/by-dimension/235/35/20,0,10,0%,10.2
https://www.michelinman.com/auto/tires/michelin-defender-ltx-m-s-2,0,10,0%,94.7
https://www.michelinman.com/auto/tires/michelin-pilot-sport-5,0,9,0%,4.67
https://www.michelinman.com/auto/tires/michelin-e.primacy-all-season,0,9,0%,5.89
https://www.michelinman.com/auto/tires/michelin-pilot-sport-all-season-4?tyreSize=16&bvstate=pg:3/ct:r,0,9,0%,8.22
https://www.michelinman.com/auto/tires/michelin-pilot-sport-a-s-4,0,9,0%,9.67
https://www.michelinman.com/auto/browse-tires/by-vehicle/2021/tesla/model-s/long-range/245---45R19-98W,0,8,0%,68
https://www.michelinman.com/auto/tires/michelin-defender2?tyreSize=20&bvstate=pg:2/ct:r,0,7,0%,8.86
https://www.michelinman.com/auto/browse-tires/by-vehicle/2018/tesla/model-s/100d/245---35R21---XL-96W,0,7,0%,92.86
https://www.michelinman.com/auto/tires/michelin-primacy-all-season,0,6,0%,2.83
https://www.michelinman.com/auto/tires/michelin-pilot-sport-all-season-4?tyreSize=20&bvstate=pg:4/ct:r,0,6,0%,10.5
https://www.michelinman.com/auto/auto-tips-and-advice/tire-buying-guide/michelin-developed-marked-tires,0,6,0%,77.17
https://www.michelinman.com/auto/find-tires-by-season-category-or-family,0,6,0%,93.33
https://www.michelinman.com/auto/newsletter,0,5,0%,6
https://www.michelinman.com/auto/browse-tires/by-vehicle/2018/tesla/model-s/75d/P245---45R19-98V,0,5,0%,62.6
https://www.michelinman.com/auto/browse-tires/by-vehicle/2017/tesla/model-s/60/245---35ZR21---XL-96(Y),0,5,0%,77.8
https://www.michelinman.com/auto/dealer-locator,0,4,0%,6.5
https://www.michelinman.com/auto/registertires,0,4,0%,6.5
https://www.michelinman.com/auto/browse-tires/by-vehicle/2017/tesla/model-x/75d/265---35R22---XL-102W_285---35R22---XL-106W,0,4,0%,79.5
https://www.michelinman.com/,0,3,0%,76.33
https://www.michelinman.com/auto/browse-tires/by-vehicle/2023/tesla/model-s/plaid/265---35ZR21---XL-101(Y)_295---30ZR21---XL-102(Y),0,3,0%,99.33
https://www.michelinman.com/auto/tires/michelin-primacy-mxm4?tyreSize=17&bvstate=pg:13/ct:r,0,2,0%,2
https://www.michelinman.com/auto/tires/michelin-defender2?tyreSize=16&bvstate=pg:2/ct:r,0,2,0%,6.5
https://www.michelinman.com/auto/auto-tips-and-advice/tire-damage/tire-inspector-tool-sidewall,0,2,0%,9
https://www.michelinman.com/auto/tires/michelin-pilot-sport-all-season-4?tyreSize=23&bvstate=pg:2/ct:r,0,2,0%,10
https://www.michelinman.com/auto/tires/michelin-pilot-sport-all-season-4?tyreSize=16&bvstate=pg:4/ct:r,0,2,0%,11
https://www.michelinman.com/auto/tires/michelin-x-ice-snow?tyreSize=14&bvstate=pg:5/ct:r,0,2,0%,29
https://www.michelinman.com/auto/tires/michelin-crossclimate2?tyreSize=21&bvstate=pg:2/ct:r,0,2,0%,29.5
https://www.michelinman.com/auto/browse-tires/by-vehicle/2020/tesla/model-x/performance/265---35R22---XL-102W_285---35R22---XL-106W,0,2,0%,39.5
https://www.michelinman.com/auto/browse-tires/by-vehicle/2020/tesla/model-s/performance/245---35ZR21---XL-96(Y),0,2,0%,42.5
https://www.michelinman.com/auto/auto-tips-and-advice/electric-mobility-guide/winter-tire-guide-for-hybrid-and-electric-cars,0,2,0%,60.5
https://www.michelinman.com/auto/browse-tires/by-vehicle/2010/tesla/roadster/base/175---55R16-80W_225---45R17-91W,0,2,0%,62
https://www.michelinman.com/auto/browse-tires/by-vehicle/2020/tesla/model-s/performance/245---35ZR21---XL-96(Y)_265---35ZR21---XL-101(Y),0,2,0%,70
https://www.michelinman.com/auto/browse-tires/by-vehicle/2020/tesla/model-s/performance/245---35ZR21---XL-96Y_265---35ZR21---XL-101Y,0,2,0%,74
https://www.michelinman.com/auto/browse-tires/by-vehicle/2017/tesla/model-s/90d-w-slash-sport-pkg./245---35ZR21---XL-96(Y)_265---35ZR21---XL-101(Y),0,2,0%,78
https://www.michelinman.com/auto/browse-tires/by-vehicle/2021/tesla/model-x/performance/265---45R20---XL-108V_275---45R20---XL-110V,0,2,0%,81
https://www.michelinman.com/auto/auto-tips-and-advice/tire-damage/tire-wear-damage,0,2,0%,83
https://www.michelinman.com/auto/browse-tires/by-vehicle/2015/tesla/model-s/base/245---35ZR21---XL-96Y,0,2,0%,85
https://www.michelinman.com/auto/auto-tips-and-advice/tire-maintenance/can-my-tire-be-repaired,0,2,0%,86
https://www.michelinman.com/auto/browse-tires/by-vehicle/2018/tesla/model-s/75d/245---35ZR21---XL-96Y,0,2,0%,90
https://www.michelinman.com/auto/browse-tires/by-vehicle/2012/tesla/roadster/base/175---55R16-80W_225---45R17-91W,0,2,0%,96.5
https://www.michelinman.com/auto/browse-tires/by-vehicle/2018/tesla/model-s/p100d/245---35ZR21---XL-96Y,0,2,0%,99
https://www.michelinman.com/auto/auto-tips-and-advice/electric-mobility-guide/how-to-choose-the-best-ev-tire,0,1,0%,1
https://www.michelinman.com/auto/auto-tips-and-advice/tire-buying-guide/differences-in-types-of-seasonal-tires,0,1,0%,1
https://www.michelinman.com/auto/dealer-locator/fremont/costco-wholesale-corporation-778,0,1,0%,1
https://www.michelinman.com/auto/tires/michelin-pilot-sport-4,0,1,0%,1
https://www.michelinman.com/auto/auto-tips-and-advice/electric-mobility-guide/ev-in-various-weather-conditions,0,1,0%,2
https://www.michelinman.com/auto/auto-tips-and-advice/electric-mobility-guide/how-tires-impact-your-electric-vehicle-range,0,1,0%,2
https://www.michelinman.com/auto/auto-tips-and-advice/electric-mobility-guide/winter-tires,0,1,0%,2
https://www.michelinman.com/auto/auto-tips-and-advice/tire-buying-guide/find-your-tire-size,0,1,0%,2
https://www.michelinman.com/auto/auto-tips-and-advice/tires-101/tire-tread-depth,0,1,0%,2
https://www.michelinman.com/auto/awards-and-recognition,0,1,0%,2
https://www.michelinman.com/partnership,0,1,0%,2
https://www.michelinman.com/auto/electric-vehicles-faq,0,1,0%,3
https://www.michelinman.com/auto/tires/michelin-pilot-sport-4-suv,0,1,0%,3
https://www.michelinman.com/auto/tires/michelin-pilot-sport-all-season-4?tyreSize=22&bvstate=pg:3/ct:r,0,1,0%,3